command,mean,stddev,median,user,system,min,max
baseline,0.1584042531,0.008416673123768481,0.1579803199,0.38239362,0.02134856,0.1489079449,0.1699752779
